step,min,max,mean,std,median,skewness,kurtosis,p01,p05,p10,p25,p50,p75,p90,p95,p99,p999,iqr,spread_99_01,void_frac_8.5,void_frac_8.0,peak_frac_12.0,peak_frac_13.5,total_voxels
0,7.984433650970459,13.843308448791504,9.485381126403809,0.43177512288093567,9.450357437133789,0.7162050008773804,1.629483699798584,8.627635955810547,8.848808813095093,8.973848438262939,9.194262266159058,9.450357437133789,9.729468822479248,10.031839656829835,10.245443773269653,10.72549469947815,11.47821023082739,0.5352065563201904,2.0978587436676026,0.3064155578613281,0.0001430511474609375,0.023889541625976562,9.5367431640625e-05,2097152
1,7.980981349945068,13.729278564453125,9.483047485351562,0.432833194732666,9.447856903076172,0.7166380286216736,1.62955904006958,8.623428497314453,8.84498987197876,8.970217990875245,9.191132545471191,9.44785737991333,9.727837562561035,10.030924701690674,10.244956874847412,10.726707830429078,11.479279045104995,0.5367050170898438,2.1032793331146244,0.31948089599609375,0.0002384185791015625,0.023984909057617188,4.76837158203125e-05,2097152
2,7.9775543212890625,13.74752426147461,9.480719566345215,0.4338844120502472,9.445361137390137,0.7170253396034241,1.628891944885254,8.619272775650025,8.841326904296874,8.966662502288818,9.188040733337402,9.445361137390137,9.726149559020996,10.029990005493165,10.244793272018432,10.727472114562989,11.481790632247925,0.5381088256835938,2.1081993389129643,0.3330230712890625,0.0002384185791015625,0.023746490478515625,9.5367431640625e-05,2097152
3,7.974167823791504,13.756292343139648,9.47840690612793,0.43492138385772705,9.442887306213379,0.7172773480415344,1.6271758079528809,8.615137643814087,8.837434768676758,8.963098526000977,9.185056447982788,9.442887306213379,9.7245454788208,10.029216384887697,10.2444326877594,10.728150329589845,11.483205267906206,0.5394890308380127,2.1130126857757574,0.34842491149902344,0.000286102294921875,0.023984909057617188,9.5367431640625e-05,2097152
4,7.97092342376709,13.756909370422363,9.476175308227539,0.4359150230884552,9.440481185913086,0.7174504995346069,1.6248865127563477,8.611071195602417,8.833763647079468,8.959690284729003,9.18207049369812,9.440481662750244,9.722848892211914,10.028379440307617,10.24386215209961,10.728921346664428,11.485363122940091,0.540778398513794,2.1178501510620116,0.3624439239501953,0.000286102294921875,0.023889541625976562,9.5367431640625e-05,2097152
5,7.96779727935791,13.75887680053711,9.474014282226562,0.4368717074394226,9.438227653503418,0.7175114750862122,1.6221003532409668,8.607187423706055,8.830122089385986,8.956447887420655,9.179097652435303,9.438227653503418,9.721186637878418,10.02758493423462,10.243114376068116,10.72952262878418,11.486024514198304,0.5420889854431152,2.122335205078125,0.37779808044433594,0.0003814697265625,0.023698806762695312,9.5367431640625e-05,2097152
6,7.96474027633667,13.839001655578613,9.471883773803711,0.4378065764904022,9.4359769821167,0.7174896001815796,1.6187939643859863,8.603303518295288,8.826596355438232,8.953226089477539,9.176258087158203,9.4359769821167,9.719647407531738,10.026856231689454,10.242714786529541,10.7304314994812,11.485395303726202,0.5433893203735352,2.1271279811859127,0.3933906555175781,0.0003814697265625,0.023889541625976562,9.5367431640625e-05,2097152
7,7.961763381958008,13.890096664428711,9.469795227050781,0.4387170076370239,9.433775901794434,0.7174137830734253,1.615464210510254,8.599498977661133,8.823224067687988,8.950008487701416,9.173482418060303,9.433775901794434,9.7181236743927,10.02593870162964,10.242181253433227,10.730691328048707,11.488415875434889,0.5446412563323975,2.1311923503875736,0.40755271911621094,0.00057220458984375,0.024318695068359375,9.5367431640625e-05,2097152
8,7.958913326263428,13.909403800964355,9.467781066894531,0.4395894706249237,9.431612014770508,0.717299222946167,1.6120538711547852,8.59603889465332,8.819901037216187,8.94697380065918,9.170788764953613,9.431612014770508,9.71668291091919,10.025141620635987,10.241917085647582,10.730999326705932,11.488877067565955,0.5458941459655762,2.134960432052612,0.4223823547363281,0.00057220458984375,0.02460479736328125,4.76837158203125e-05,2097152
9,7.956140995025635,13.912809371948242,9.465812683105469,0.44043633341789246,9.429522514343262,0.7171316146850586,1.6084766387939453,8.592516431808471,8.816815376281738,8.943994617462158,9.168187141418457,9.429522514343262,9.715168952941895,10.02435178756714,10.241320514678955,10.732031202316284,11.491656367302015,0.5469818115234375,2.1395147705078124,0.43621063232421875,0.00057220458984375,0.024175643920898438,4.76837158203125e-05,2097152
10,7.953399658203125,13.899628639221191,9.463851928710938,0.44127270579338074,9.427452087402344,0.716914176940918,1.604764461517334,8.589071273803711,8.813825273513794,8.941076374053955,9.165538787841797,9.427451610565186,9.713793754577637,10.023681545257569,10.240647745132446,10.732960138320923,11.49286653137213,0.5482549667358398,2.143888864517212,0.4511833190917969,0.00057220458984375,0.023794174194335938,9.5367431640625e-05,2097152
11,7.950663089752197,13.88027286529541,9.46187973022461,0.44210878014564514,9.425413131713867,0.7166571617126465,1.600783348083496,8.585618991851806,8.810571670532227,8.93802547454834,9.162980079650879,9.425412654876709,9.712315559387207,10.022835731506348,10.240113401412964,10.733313236236572,11.49309344100956,0.5493354797363281,2.147694244384766,0.4657268524169922,0.0006198883056640625,0.024127960205078125,0.0001430511474609375,2097152
12,7.947946071624756,13.846930503845215,9.45991039276123,0.44294044375419617,9.423301696777344,0.7163720726966858,1.5967588424682617,8.582189617156983,8.807548713684081,8.935133934020996,9.160406589508057,9.423301696777344,9.710943222045898,10.02196969985962,10.23960919380188,10.733912782669067,11.495040335655265,0.5505366325378418,2.1517231655120845,0.48065185546875,0.0006198883056640625,0.024175643920898438,0.00019073486328125,2097152
13,7.945323944091797,13.784008979797363,9.457996368408203,0.4437444508075714,9.421255111694336,0.7160936594009399,1.5928616523742676,8.578865633010864,8.804569339752197,8.932338047027589,9.157848119735718,9.421255111694336,9.709563493728638,10.021137142181397,10.239176034927368,10.735079689025879,11.494755276680046,0.5517153739929199,2.156214056015015,0.4956245422363281,0.0007152557373046875,0.023889541625976562,0.0002384185791015625,2097152
14,7.942774772644043,13.797572135925293,9.456127166748047,0.4445272386074066,9.419256210327148,0.7158154845237732,1.5890893936157227,8.575706014633178,8.801667213439941,8.929492950439453,9.15532398223877,9.41925573348999,9.708186388015747,10.020452404022217,10.238957118988036,10.735640954971313,11.493254177093554,0.5528624057769775,2.1599349403381343,0.5126953125,0.000762939453125,0.0240325927734375,0.0002384185791015625,2097152
15,7.94025993347168,13.814352035522461,9.45427417755127,0.44530045986175537,9.417279243469238,0.7155526280403137,1.5854272842407227,8.572512683868409,8.798753309249879,8.926758861541748,9.152926445007324,9.417279243469238,9.706745386123657,10.019559764862061,10.23851957321167,10.736578903198243,11.492309789657634,0.553818941116333,2.1640662193298343,0.528717041015625,0.0008106231689453125,0.024557113647460938,0.0002384185791015625,2097152
16,7.937802314758301,13.88107967376709,9.452448844909668,0.4460606575012207,9.415352821350098,0.715309739112854,1.581972599029541,8.569119472503662,8.795784091949463,8.923990249633789,9.150507688522339,9.415352821350098,9.705334663391113,10.01880931854248,10.238143920898438,10.737119522094726,11.49332563686379,0.5548269748687744,2.1680000495910647,0.5436897277832031,0.0010013580322265625,0.024509429931640625,0.000286102294921875,2097152
17,7.935420513153076,13.954193115234375,9.450671195983887,0.44680070877075195,9.413427352905273,0.715122401714325,1.5788497924804688,8.56604579925537,8.792919158935547,8.921339130401611,9.148115158081055,9.413426876068115,9.703973293304443,10.018114948272705,10.23770875930786,10.737370281219482,11.496566014289863,0.5558581352233887,2.1713244819641115,0.5597591400146484,0.0011444091796875,0.024890899658203125,0.000286102294921875,2097152
18,7.93308687210083,14.013311386108398,9.448923110961914,0.447529673576355,9.41158676147461,0.7149621844291687,1.5759663581848145,8.563117570877075,8.790086603164672,8.918718433380127,9.14586067199707,9.41158676147461,9.702625274658203,10.017377758026123,10.237375164031983,10.737795238494872,11.494308792114268,0.5567646026611328,2.1746776676177966,0.5752086639404297,0.001239776611328125,0.024700164794921875,0.0002384185791015625,2097152
19,7.930636882781982,14.060798645019531,9.447162628173828,0.4482623338699341,9.409677505493164,0.7148382663726807,1.5732965469360352,8.560182104110718,8.787294483184814,8.91609001159668,9.143592596054077,9.409677505493164,9.701332092285156,10.016625213623048,10.23700852394104,10.738740301132202,11.495757050514268,0.5577394962310791,2.1785581970214842,0.5906105041503906,0.001430511474609375,0.02498626708984375,0.0002384185791015625,2097152
20,7.928140163421631,14.09740161895752,9.445394515991211,0.4489968419075012,9.407814979553223,0.714708685874939,1.5707173347473145,8.557322988510132,8.784463453292847,8.913396835327148,9.141249179840088,9.407814979553223,9.700109958648682,10.01584234237671,10.236601305007934,10.739320116043091,11.495729013443048,0.5588607788085938,2.1819971275329593,0.6069660186767578,0.00152587890625,0.025129318237304688,0.0002384185791015625,2097152
21,7.925707817077637,14.115283966064453,9.44366455078125,0.44971415400505066,9.406028747558594,0.7146238088607788,1.5684089660644531,8.554299077987672,8.781684017181396,8.9108097076416,9.13890266418457,9.406028747558594,9.698814392089844,10.015056610107422,10.236045742034912,10.739922933578491,11.496932244300845,0.5599117279052734,2.185623855590819,0.6230831146240234,0.001621246337890625,0.025177001953125,0.0002384185791015625,2097152
22,7.923305511474609,14.113986015319824,9.441953659057617,0.4504222869873047,9.404144287109375,0.7145367860794067,1.5662012100219727,8.551495141983033,8.779020071029663,8.908302497863769,9.136690139770508,9.404143810272217,9.69748044013977,10.014365196228027,10.235342264175415,10.73989815711975,11.498007377624514,0.5607903003692627,2.1884030151367178,0.6398677825927734,0.001621246337890625,0.02536773681640625,0.0003337860107421875,2097152
23,7.920933246612549,14.101694107055664,9.44025993347168,0.45112165808677673,9.402336120605469,0.7144577503204346,1.5640368461608887,8.548413763046264,8.776385831832886,8.905836200714111,9.13450574874878,9.402336597442627,9.696346282958984,10.013721370697022,10.23474736213684,10.74015664100647,11.499561692237892,0.5618405342102051,2.1917428779602055,0.6576061248779297,0.0017642974853515625,0.025272369384765625,0.000286102294921875,2097152
24,7.918581008911133,14.07986068725586,9.438575744628906,0.45181533694267273,9.400591850280762,0.7143692374229431,1.5618081092834473,8.545685377120972,8.773853397369384,8.903358459472656,9.132283210754395,9.400591850280762,9.695191860198975,10.012929916381836,10.234518051147461,10.740576248168946,11.50002883243564,0.5629086494445801,2.194890871047974,0.675201416015625,0.001811981201171875,0.025510787963867188,0.0002384185791015625,2097152
25,7.916214942932129,14.050504684448242,9.436878204345703,0.4525129497051239,9.3988037109375,0.7142801284790039,1.559493064880371,8.542850570678711,8.771063470840454,8.900859928131103,9.130043029785156,9.3988037109375,9.693900108337402,10.012307834625245,10.234144973754884,10.740193815231324,11.500193443298365,0.5638570785522461,2.197343244552613,0.6927490234375,0.0018596649169921875,0.025701522827148438,0.000286102294921875,2097152
26,7.913885116577148,14.014514923095703,9.435202598571777,0.4532015025615692,9.397013664245605,0.7141793370246887,1.5571370124816895,8.53995439529419,8.768419456481933,8.89838523864746,9.127825736999512,9.397013664245605,9.69272255897522,10.01154193878174,10.233896684646606,10.740411701202392,11.500842645645161,0.564896821975708,2.200457305908202,0.7110595703125,0.0019550323486328125,0.025606155395507812,0.0003337860107421875,2097152
27,7.911585330963135,13.999435424804688,9.43354320526123,0.4538815915584564,9.395286560058594,0.7140647172927856,1.5546188354492188,8.537153978347778,8.765850591659547,8.895880794525146,9.125747442245483,9.395286083221436,9.691411018371582,10.01083927154541,10.233392763137816,10.740334434509277,11.49974461841587,0.5656635761260986,2.2031804561614994,0.7304191589355469,0.002002716064453125,0.025415420532226562,0.0003337860107421875,2097152
28,7.9092912673950195,14.016274452209473,9.431886672973633,0.45455875992774963,9.39349365234375,0.7139114737510681,1.551835060119629,8.534269351959228,8.763119268417359,8.893431663513184,9.123663902282715,9.39349365234375,9.690190315246582,10.010199356079102,10.232816410064697,10.741015901565552,11.50163611221323,0.5665264129638672,2.206746549606324,0.7490634918212891,0.00209808349609375,0.025606155395507812,0.0003337860107421875,2097152
29,7.906978607177734,14.013500213623047,9.43021297454834,0.4552423655986786,9.391691207885742,0.7137474417686462,1.5489411354064941,8.531364049911499,8.760469532012939,8.890945434570312,9.12144160270691,9.391690731048584,9.688905715942383,10.009367942810059,10.23220772743225,10.741800756454468,11.502909331321732,0.5674641132354736,2.2104367065429695,0.7679939270019531,0.00209808349609375,0.025415420532226562,0.000286102294921875,2097152
30,7.9046525955200195,13.975410461425781,9.42852783203125,0.45593005418777466,9.389944076538086,0.7135716080665588,1.545903205871582,8.528440065383911,8.757686281204224,8.888464069366455,9.119279861450195,9.389944553375244,9.687731742858887,10.008646774291993,10.23146686553955,10.742307205200195,11.503682117462162,0.5684518814086914,2.2138671398162835,0.7868766784667969,0.0022411346435546875,0.025415420532226562,0.0003337860107421875,2097152
31,7.9023213386535645,14.006437301635742,9.42683219909668,0.4566197395324707,9.38818359375,0.7133907675743103,1.542712688446045,8.525605688095093,8.755114221572876,8.885827159881591,9.117049932479858,9.38818359375,9.686408519744873,10.007935142517091,10.23098840713501,10.74290322303772,11.503185241699255,0.5693585872650146,2.2172975349426274,0.8088111877441406,0.0022411346435546875,0.025224685668945312,0.0003337860107421875,2097152
32,7.900027751922607,14.03303337097168,9.425161361694336,0.4572986662387848,9.386411666870117,0.7132056951522827,1.5394978523254395,8.52290020942688,8.75237421989441,8.883285617828369,9.114829540252686,9.386411666870117,9.685190439224243,10.007194328308106,10.230467319488525,10.743700437545776,11.503782269477853,0.5703608989715576,2.2208002281188968,0.8319377899169922,0.002288818359375,0.0247955322265625,0.0003337860107421875,2097152
33,7.89774227142334,14.037572860717773,9.423490524291992,0.4579758942127228,9.384618759155273,0.7130153179168701,1.5361886024475098,8.520175638198852,8.749643850326539,8.880788040161132,9.112660884857178,9.384618759155273,9.684080362319946,10.006508731842041,10.229773426055909,10.743613166809082,11.503225638389623,0.5714194774627686,2.22343752861023,0.8505821228027344,0.0024318695068359375,0.024700164794921875,0.0004291534423828125,2097152
34,7.895421981811523,14.114013671875,9.42178726196289,0.45866405963897705,9.382806777954102,0.7128300070762634,1.5327587127685547,8.517265882492065,8.74700927734375,8.878252983093262,9.110461950302124,9.38280725479126,9.682816505432129,10.005783081054688,10.229277086257934,10.744387845993042,11.50568574047092,0.5723545551300049,2.227121963500977,0.8707046508789062,0.0024318695068359375,0.02460479736328125,0.0003814697265625,2097152
35,7.89306116104126,14.175176620483398,9.420049667358398,0.45936402678489685,9.380918502807617,0.7126338481903076,1.5292611122131348,8.51421124458313,8.744297552108765,8.875701141357421,9.10817813873291,9.380918502807617,9.681445121765137,10.00490827560425,10.228915977478028,10.745018939971924,11.507099655151471,0.5732669830322266,2.230807695388794,0.8922100067138672,0.0025272369384765625,0.024938583374023438,0.0004291534423828125,2097152
36,7.890766620635986,14.221165657043457,9.41835880279541,0.46004611253738403,9.37913703918457,0.7124761939048767,1.5259943008422852,8.51134253501892,8.741692113876343,8.873117446899414,9.105937957763672,9.37913703918457,9.680291414260864,10.004200839996338,10.22840437889099,10.745012502670289,11.508916365623485,0.5743534564971924,2.233669967651368,0.9131908416748047,0.0026226043701171875,0.024557113647460938,0.0004291534423828125,2097152
37,7.8885369300842285,14.252866744995117,9.416711807250977,0.4607115387916565,9.37739372253418,0.7123587131500244,1.5230321884155273,8.508506364822388,8.738944578170777,8.87067699432373,9.103793859481812,9.377393245697021,9.679154396057129,10.003492832183838,10.22795786857605,10.745265636444092,11.508358731269912,0.5753605365753174,2.236759271621704,0.9345054626464844,0.0026702880859375,0.024890899658203125,0.000476837158203125,2097152
38,7.88631534576416,14.276098251342773,9.415064811706543,0.46137523651123047,9.375646591186523,0.7122772932052612,1.5203452110290527,8.505799798965453,8.736309051513672,8.868167304992676,9.101725578308105,9.375646114349365,9.677857398986816,10.002781677246094,10.227577447891235,10.745506019592284,11.510126771927006,0.5761318206787109,2.2397062206268306,0.9555816650390625,0.002765655517578125,0.02460479736328125,0.000476837158203125,2097152
39,7.884063243865967,14.296731948852539,9.413390159606934,0.4620489776134491,9.373842239379883,0.712221086025238,1.5177927017211914,8.50295639038086,8.73361120223999,8.865711212158203,9.099520683288574,9.373842716217041,9.676696062088013,10.002040576934816,10.227244186401368,10.74604700088501,11.509200922012335,0.5771753787994385,2.243090610504151,0.9757518768310547,0.002765655517578125,0.024843215942382812,0.000476837158203125,2097152
40,7.88184118270874,14.31090259552002,9.41173267364502,0.4627152979373932,9.372136116027832,0.7122195363044739,1.515625,8.500262336730957,8.731061506271363,8.863259410858154,9.097400665283203,9.372136116027832,9.675437211990356,10.001270198822022,10.226800298690796,10.746194295883178,11.511690035820047,0.5780365467071533,2.2459319591522213,0.9979248046875,0.00286102294921875,0.024843215942382812,0.000476837158203125,2097152
41,7.879631519317627,14.320550918579102,9.41008186340332,0.46337923407554626,9.370429992675781,0.7122349739074707,1.5136055946350098,8.497275371551513,8.728544425964355,8.860928535461426,9.095252752304077,9.37043046951294,9.674230813980103,10.000422191619874,10.226248645782471,10.746401205062867,11.513705036163334,0.5789780616760254,2.2491258335113535,1.0235786437988281,0.00286102294921875,0.025081634521484375,0.000476837158203125,2097152
42,7.877451419830322,14.320372581481934,9.408451080322266,0.4640370309352875,9.368770599365234,0.712303876876831,1.5120296478271484,8.494377641677856,8.725923633575439,8.858439540863037,9.09308671951294,9.368770122528076,9.673027992248535,9.999726295471191,10.225694131851196,10.747214574813842,11.515853555679328,0.5799412727355957,2.2528369331359865,1.0483264923095703,0.0029087066650390625,0.025606155395507812,0.0005245208740234375,2097152
43,7.875244140625,14.31173038482666,9.406791687011719,0.46470364928245544,9.367037773132324,0.712401270866394,1.5105624198913574,8.491577634811401,8.723252391815185,8.855991458892822,9.090875387191772,9.367037773132324,9.67167854309082,9.99888973236084,10.225010585784911,10.747967662811279,11.51623594570165,0.5808031558990479,2.2563900279998776,1.0729312896728516,0.0030517578125,0.0255584716796875,0.000476837158203125,2097152
44,7.8730292320251465,14.345205307006836,9.405122756958008,0.4653743803501129,9.365291595458984,0.7125011682510376,1.509138584136963,8.488781967163085,8.720757579803466,8.853557777404784,9.088688135147095,9.365292072296143,9.670427322387695,9.998271465301514,10.224803400039672,10.748792104721069,11.518470815658576,0.5817391872406006,2.260010137557984,1.0973930358886719,0.0031948089599609375,0.025463104248046875,0.000476837158203125,2097152
45,7.87089204788208,14.370972633361816,9.403507232666016,0.46602481603622437,9.363578796386719,0.7126421928405762,1.5079712867736816,8.486151266098023,8.718154907226562,8.851240158081055,9.086568832397461,9.363578796386719,9.669261693954468,9.997464752197267,10.224428081512452,10.749437236785889,11.520593734741258,0.5826928615570068,2.263285970687866,1.121377944946289,0.0034332275390625,0.025510787963867188,0.0004291534423828125,2097152
46,7.868770599365234,14.392045974731445,9.401899337768555,0.46667176485061646,9.361845970153809,0.7128138542175293,1.5069494247436523,8.483409414291382,8.715589094161988,8.849023914337158,9.084468364715576,9.361845970153809,9.66799283027649,9.996728801727295,10.223914051055909,10.749815711975097,11.520761043548625,0.5835244655609131,2.266406297683716,1.1448860168457031,0.003528594970703125,0.0255584716796875,0.000476837158203125,2097152
47,7.866615295410156,14.410528182983398,9.400260925292969,0.4673301577568054,9.360208511352539,0.7130041718482971,1.5059704780578613,8.480608043670655,8.712981224060059,8.846616744995117,9.082352638244629,9.360208988189697,9.66668176651001,9.996094608306885,10.22347812652588,10.749914445877074,11.521592430114792,0.5843291282653809,2.2693064022064195,1.170969009399414,0.0038623809814453125,0.025033950805664062,0.0005245208740234375,2097152
48,7.864500045776367,14.377053260803223,9.398649215698242,0.4679775536060333,9.358530044555664,0.7132083177566528,1.505235195159912,8.477840423583984,8.710395812988281,8.844224071502685,9.08028793334961,9.358530521392822,9.665460586547852,9.995491790771485,10.223072052001953,10.750196523666382,11.522243570327763,0.5851726531982422,2.2723561000823977,1.1962413787841797,0.0041961669921875,0.024747848510742188,0.0005245208740234375,2097152
49,7.862370491027832,14.34953498840332,9.397021293640137,0.4686301648616791,9.35676383972168,0.7134243249893188,1.5044341087341309,8.475197324752807,8.707779455184937,8.841788291931152,9.078220129013062,9.35676383972168,9.664138078689575,9.994763374328613,10.222582817077637,10.75028561592102,11.523039456367497,0.5859179496765137,2.2750882911682133,1.2220382690429688,0.004291534423828125,0.024890899658203125,0.0005245208740234375,2097152
50,7.860265254974365,14.326860427856445,9.39540958404541,0.46927642822265625,9.355071067810059,0.7136427164077759,1.5036425590515137,8.47254137992859,8.705288553237915,8.839366054534912,9.076139450073242,9.355071067810059,9.662914752960205,9.993925094604492,10.222196483612061,10.750731048583983,11.524123270034824,0.5867753028869629,2.2781896686553935,1.2495994567871094,0.004482269287109375,0.024938583374023438,0.0005245208740234375,2097152
51,7.8581953048706055,14.307496070861816,9.393819808959961,0.4699134826660156,9.353404998779297,0.7138919234275818,1.5030145645141602,8.469976987838745,8.702895164489746,8.837081909179688,9.074082374572754,9.353404521942139,9.661688804626465,9.993140029907227,10.221755266189575,10.751324090957642,11.526041527748127,0.5876064300537109,2.2813471031188968,1.2764453887939453,0.0047206878662109375,0.025463104248046875,0.00057220458984375,2097152
52,7.856132984161377,14.295928001403809,9.392230987548828,0.47054898738861084,9.351747512817383,0.7141526341438293,1.502467155456543,8.467256565093994,8.70044665336609,8.83476448059082,9.072004318237305,9.351747035980225,9.66046929359436,9.992366790771484,10.22130651473999,10.752081251144409,11.527420899391197,0.5884649753570557,2.284824686050415,1.3031482696533203,0.0049114227294921875,0.0255584716796875,0.00057220458984375,2097152
53,7.854108810424805,14.321670532226562,9.390666961669922,0.471172571182251,9.35011100769043,0.7144176363945007,1.5019636154174805,8.46478666305542,8.698183059692383,8.832451820373535,9.070011615753174,9.350110530853271,9.659213542938232,9.99173526763916,10.220870018005371,10.752635898590087,11.530043612480185,0.5892019271850586,2.287849235534667,1.3289928436279297,0.0051021575927734375,0.025987625122070312,0.0005245208740234375,2097152
54,7.852069854736328,14.3432035446167,9.389089584350586,0.47179940342903137,9.348426818847656,0.7146715521812439,1.5014457702636719,8.462071104049683,8.69575309753418,8.83009729385376,9.067893505096436,9.348427295684814,9.657953262329102,9.990922832489014,10.220411205291748,10.753368368148802,11.53094171524052,0.590059757232666,2.2912972640991196,1.3588905334472656,0.0051021575927734375,0.025606155395507812,0.0005245208740234375,2097152
55,7.849986553192139,14.362563133239746,9.387472152709961,0.4724411964416504,9.346708297729492,0.7149233222007751,1.5008649826049805,8.459379215240478,8.693184852600098,8.82761878967285,9.065781593322754,9.34670877456665,9.656732559204102,9.990170288085938,10.220070219039917,10.753279399871825,11.531048899650576,0.5909509658813477,2.2939001846313474,1.3878345489501953,0.0051975250244140625,0.026035308837890625,0.0005245208740234375,2097152
56,7.84790563583374,14.380295753479004,9.38585090637207,0.4730837047100067,9.34500503540039,0.7151872515678406,1.5003399848937988,8.4567356300354,8.690777015686034,8.825284004211426,9.063713073730469,9.345004558563232,9.655430793762207,9.98939323425293,10.219574308395385,10.75363052368164,11.53245562839512,0.5917177200317383,2.2968948936462397,1.4189720153808594,0.005435943603515625,0.0270843505859375,0.000476837158203125,2097152
57,7.845839500427246,14.407641410827637,9.384237289428711,0.4737216830253601,9.343317031860352,0.71543949842453,1.4997711181640625,8.454069719314575,8.688245964050292,8.822997093200684,9.06169319152832,9.34331750869751,9.65418004989624,9.98862533569336,10.21912956237793,10.753726301193238,11.531682005882288,0.5924868583679199,2.299656581878663,1.4481067657470703,0.0054836273193359375,0.0270843505859375,0.00057220458984375,2097152
58,7.84380578994751,14.430631637573242,9.38264274597168,0.4743499159812927,9.341636657714844,0.7156895995140076,1.499223232269287,8.451404609680175,8.685864448547363,8.820632934570312,9.059632301330566,9.341636180877686,9.652932405471802,9.987767124176026,10.218465518951415,10.754095220565796,11.532655617713951,0.5933001041412354,2.3026906108856213,1.478433609008789,0.0057220458984375,0.02727508544921875,0.00057220458984375,2097152
59,7.84175968170166,14.45093059539795,9.381032943725586,0.47498220205307007,9.33997631072998,0.7159423828125,1.4987077713012695,8.4488592338562,8.683338689804078,8.818353176116943,9.057567358016968,9.33997631072998,9.651683807373047,9.986977481842041,10.217904949188233,10.754111804962157,11.534746786117593,0.5941164493560791,2.3052525711059566,1.50909423828125,0.006008148193359375,0.027513504028320312,0.0005245208740234375,2097152
60,7.839566230773926,14.46873664855957,9.37942886352539,0.4756106436252594,9.338285446166992,0.7161774635314941,1.4981532096862793,8.446083593368531,8.68092589378357,8.815917205810546,9.055553436279297,9.338285446166992,9.650501251220703,9.98616304397583,10.217193508148194,10.754289970397949,11.535817072868351,0.5949478149414062,2.3082063770294177,1.5375137329101562,0.006103515625,0.027513504028320312,0.00057220458984375,2097152
61,7.837292671203613,14.484944343566895,9.377798080444336,0.4762480556964874,9.336523056030273,0.7164040207862854,1.4975366592407227,8.443163890838623,8.678379583358765,8.813513469696044,9.053514242172241,9.336522579193115,9.649123430252075,9.985350227355958,10.216811323165894,10.755124969482422,11.537926097869875,0.595609188079834,2.311961078643799,1.5688896179199219,0.0062465667724609375,0.027370452880859375,0.0005245208740234375,2097152
62,7.835084915161133,14.498096466064453,9.37621021270752,0.4768679141998291,9.334821701049805,0.7166377902030945,1.4970283508300781,8.440499458312988,8.67585277557373,8.811217403411865,9.051500082015991,9.334822177886963,9.647869110107422,9.98472661972046,10.216344833374023,10.755044946670532,11.538777025222785,0.5963690280914307,2.3145454883575436,1.6010761260986328,0.006389617919921875,0.0270843505859375,0.0005245208740234375,2097152
63,7.832882881164551,14.508368492126465,9.374618530273438,0.47748589515686035,9.333154678344727,0.7168609499931335,1.4964179992675781,8.437900619506836,8.673385190963746,8.808835983276367,9.049437522888184,9.333155155181885,9.646618843078613,9.983856868743898,10.215733003616332,10.755010938644409,11.54082865047455,0.5971813201904297,2.317110319137573,1.631927490234375,0.0067234039306640625,0.0274658203125,0.00057220458984375,2097152
64,7.8306756019592285,14.516608238220215,9.373021125793457,0.4781048595905304,9.331427574157715,0.7170431017875671,1.495697021484375,8.435140705108642,8.670966148376465,8.806427192687988,9.047390699386597,9.331427574157715,9.64534616470337,9.983044624328615,10.215357065200806,10.755669927597046,11.542787926673897,0.5979554653167725,2.3205292224884033,1.6632080078125,0.0069141387939453125,0.028085708618164062,0.0006198883056640625,2097152
65,7.828431129455566,14.523069381713867,9.371435165405273,0.47871696949005127,9.329665184020996,0.7172071933746338,1.4949007034301758,8.432434101104736,8.668484687805176,8.80410385131836,9.045366287231445,9.329665184020996,9.64413857460022,9.982171058654785,10.21476502418518,10.755312280654907,11.543153819084212,0.5987722873687744,2.3228781795501714,1.6932487487792969,0.0070095062255859375,0.028324127197265625,0.00057220458984375,2097152
66,7.826096057891846,14.474987030029297,9.369832992553711,0.4793325662612915,9.327951431274414,0.7173603177070618,1.494093418121338,8.429691371917725,8.665995693206787,8.801733112335205,9.043342113494873,9.327950954437256,9.642902612686157,9.981443309783936,10.21431107521057,10.755237503051758,11.545529634475711,0.5995604991912842,2.3255461311340326,1.7247676849365234,0.0072002410888671875,0.028514862060546875,0.00057220458984375,2097152
67,7.823810577392578,14.437871932983398,9.368265151977539,0.4799347519874573,9.326337814331055,0.7174948453903198,1.4932332038879395,8.42715027809143,8.66358470916748,8.799544334411621,9.0413179397583,9.326337337493896,9.641661643981934,9.980692863464355,10.213792276382446,10.755130262374879,11.548613186836247,0.6003437042236328,2.3279799842834485,1.7588615417480469,0.007343292236328125,0.02841949462890625,0.0006198883056640625,2097152
68,7.821531295776367,14.407227516174316,9.366698265075684,0.48053503036499023,9.324722290039062,0.7176300883293152,1.4923605918884277,8.424680471420288,8.661115217208863,8.797283363342284,9.03939700126648,9.324722290039062,9.6404447555542,9.979891586303712,10.213407850265503,10.755102262496948,11.552188672065745,0.6010477542877197,2.3304217910766596,1.7932415008544922,0.0077724456787109375,0.028085708618164062,0.0006198883056640625,2097152
69,7.8192362785339355,14.381308555603027,9.365118026733398,0.4811387062072754,9.323047637939453,0.7177484631538391,1.4913883209228516,8.422124881744384,8.658728885650635,8.795016670227051,9.037403583526611,9.323047637939453,9.639197826385498,9.979124069213867,10.21309757232666,10.755247936248779,11.55291924381256,0.6017942428588867,2.3331230545043944,1.8251895904541016,0.007963180541992188,0.028133392333984375,0.000667572021484375,2097152
70,7.816956520080566,14.359134674072266,9.36354923248291,0.4817352890968323,9.321434020996094,0.7178379893302917,1.490309238433838,8.419631509780883,8.65633020401001,8.79273509979248,9.035475492477417,9.321433544158936,9.638011932373047,9.978436946868896,10.21264190673828,10.755413742065429,11.555311267852804,0.6025364398956299,2.3357822322845454,1.861572265625,0.008249282836914062,0.028276443481445312,0.000667572021484375,2097152
71,7.814703941345215,14.34714412689209,9.3619966506958,0.48232346773147583,9.319787979125977,0.7178997993469238,1.489114761352539,8.417172060012817,8.654018926620484,8.79051694869995,9.033482551574707,9.319788455963135,9.63676929473877,9.9776123046875,10.212087106704711,10.755388422012329,11.5581899623871,0.6032867431640625,2.338216361999512,1.896810531616211,0.008487701416015625,0.028181076049804688,0.000667572021484375,2097152
72,7.812417984008789,14.35480785369873,9.360416412353516,0.48291927576065063,9.318155288696289,0.7179590463638306,1.4878058433532715,8.414550895690917,8.651535129547119,8.788300609588623,9.031507015228271,9.318155765533447,9.635473489761353,9.9767484664917,10.211455249786377,10.755268077850342,11.560862429618846,0.603966474533081,2.340717182159425,1.9309520721435547,0.008821487426757812,0.02841949462890625,0.000667572021484375,2097152
73,7.810110092163086,14.358414649963379,9.358819961547852,0.48351940512657166,9.316450119018555,0.7180017232894897,1.4864511489868164,8.411964416503906,8.649036407470703,8.785938358306884,9.029480934143066,9.316450119018555,9.634217977523804,9.975905132293702,10.21097936630249,10.754932737350464,11.56006436157229,0.6047370433807373,2.3429683208465573,1.9645214080810547,0.00896453857421875,0.027799606323242188,0.0006198883056640625,2097152
74,7.8078155517578125,14.358047485351562,9.357229232788086,0.4841156005859375,9.31482982635498,0.718044102191925,1.4850740432739258,8.40938190460205,8.646541595458984,8.783646583557129,9.027470827102661,9.31482982635498,9.633044242858887,9.975088787078858,10.210655546188354,10.754754753112792,11.560261902809152,0.6055734157562256,2.345372848510742,1.9989490509033203,0.009107589721679688,0.027608871459960938,0.0006198883056640625,2097152
75,7.805536270141602,14.354108810424805,9.355648040771484,0.4847068190574646,9.313163757324219,0.7180697321891785,1.4836616516113281,8.40682499885559,8.644068717956543,8.781441783905029,9.02544093132019,9.31316328048706,9.631768226623535,9.974302291870119,10.210128784179688,10.754724407196045,11.561420701026943,0.6063272953033447,2.3478994083404547,2.033233642578125,0.00934600830078125,0.027561187744140625,0.00057220458984375,2097152
76,7.803264141082764,14.3468599319458,9.354069709777832,0.48529401421546936,9.311387062072754,0.7180935144424438,1.4821805953979492,8.404368886947632,8.641673612594605,8.779161548614502,9.023422956466675,9.311387062072754,9.630552291870117,9.973493385314942,10.209591674804688,10.754755840301513,11.560013887405423,0.6071293354034424,2.3503869533538815,2.069711685180664,0.009584426879882812,0.0278472900390625,0.00057220458984375,2097152
77,7.801010608673096,14.336427688598633,9.352503776550293,0.48587751388549805,9.309810638427734,0.7180996537208557,1.480621337890625,8.401900291442871,8.639262485504151,8.776933670043945,9.021480321884155,9.309811115264893,9.629427194595337,9.972791576385498,10.209276103973389,10.755193796157837,11.564203577041653,0.6079468727111816,2.3532935047149657,2.1054744720458984,0.009965896606445312,0.027942657470703125,0.00057220458984375,2097152
78,7.798710823059082,14.321590423583984,9.35090160369873,0.48647305369377136,9.308162689208984,0.7180929780006409,1.4789023399353027,8.39917426109314,8.636858940124512,8.774737358093262,9.019335508346558,9.308163166046143,9.628082275390625,9.972115421295166,10.208728170394897,10.754672775268554,11.566579216003547,0.6087467670440674,2.355498514175414,2.142000198364258,0.010156631469726562,0.0278472900390625,0.00057220458984375,2097152
79,7.796460151672363,14.303027153015137,9.34933090209961,0.4870561957359314,9.306565284729004,0.7180927395820618,1.4772429466247559,8.396444358825683,8.634387016296387,8.772404766082763,9.017294883728027,9.306565284729004,9.62686562538147,9.971387767791748,10.208297204971313,10.754558506011962,11.568481912612917,0.6095707416534424,2.3581141471862797,2.1796226501464844,0.010347366333007812,0.02803802490234375,0.0006198883056640625,2097152
80,7.794230937957764,14.280280113220215,9.347772598266602,0.48763415217399597,9.304895401000977,0.7180923819541931,1.4755430221557617,8.393755578994751,8.63203387260437,8.770179939270019,9.015287160873413,9.304895877838135,9.625679016113281,9.970602035522461,10.207718324661254,10.754443111419677,11.567961401939401,0.6103918552398682,2.360687532424926,2.215290069580078,0.010585784912109375,0.027751922607421875,0.00057220458984375,2097152
81,7.791975975036621,14.252074241638184,9.34619426727295,0.48821812868118286,9.303131103515625,0.7180858850479126,1.4737458229064941,8.39098406791687,8.62961483001709,8.767885208129883,9.013259887695312,9.303131103515625,9.624364376068115,9.9697904586792,10.207013034820557,10.754927577972412,11.568785716056839,0.6111044883728027,2.3639435100555417,2.2559165954589844,0.011110305786132812,0.028133392333984375,0.00057220458984375,2097152
82,7.789756774902344,14.262738227844238,9.344639778137207,0.4887922704219818,9.301504135131836,0.7180604934692383,1.4719047546386719,8.388364849090577,8.627276945114136,8.765665340423585,9.011297225952148,9.301504135131836,9.62321400642395,9.969085693359375,10.206445598602295,10.755144548416137,11.569964396476832,0.6119167804718018,2.3667796993255603,2.2953033447265625,0.011205673217773438,0.0278472900390625,0.0005245208740234375,2097152
83,7.787529945373535,14.286909103393555,9.3430757522583,0.4893687665462494,9.299966812133789,0.7180351614952087,1.4699969291687012,8.3857923412323,8.624908018112183,8.763463020324707,9.009297370910645,9.29996633529663,9.62207317352295,9.96825590133667,10.205825710296631,10.755915584564208,11.573723876953142,0.6127758026123047,2.370123243331909,2.33306884765625,0.011491775512695312,0.027608871459960938,0.0005245208740234375,2097152
84,7.785304069519043,14.306854248046875,9.341509819030762,0.48994484543800354,9.298270225524902,0.7180038690567017,1.468052864074707,8.38323802947998,8.622584867477418,8.761280250549316,9.007304906845093,9.298270225524902,9.620869636535645,9.967450904846192,10.205379390716553,10.756299333572388,11.57535410022738,0.6135647296905518,2.373061304092408,2.370929718017578,0.0118255615234375,0.027942657470703125,0.000476837158203125,2097152
85,7.783052444458008,14.323570251464844,9.339923858642578,0.49052825570106506,9.296651840209961,0.7179807424545288,1.466130256652832,8.380528583526612,8.620223665237427,8.758991241455078,9.005228042602539,9.29665231704712,9.619601488113403,9.966658401489259,10.204904460906983,10.756914920806885,11.57605373573306,0.6143734455108643,2.376386337280273,2.409648895263672,0.012254714965820312,0.02803802490234375,0.000476837158203125,2097152
86,7.780859470367432,14.336606979370117,9.338376998901367,0.49109676480293274,9.294994354248047,0.7179557085037231,1.4642009735107422,8.377937335968017,8.617956161499023,8.75674352645874,9.00322699546814,9.294993877410889,9.618414878845215,9.965801239013672,10.204361820220948,10.757206783294677,11.575848507881215,0.6151878833770752,2.37926944732666,2.450704574584961,0.0125885009765625,0.028133392333984375,0.00057220458984375,2097152
87,7.778697490692139,14.390121459960938,9.3368501663208,0.4916568100452423,9.293468475341797,0.7179059982299805,1.4622178077697754,8.375290460586548,8.615633106231689,8.754508113861084,9.001222372055054,9.293467998504639,9.617244720458984,9.964988613128662,10.204037475585938,10.757606391906737,11.57682287502294,0.6160223484039307,2.382315931320189,2.4907588958740234,0.012969970703125,0.028085708618164062,0.0006198883056640625,2097152
88,7.776523590087891,14.446718215942383,9.335312843322754,0.49222129583358765,9.291826248168945,0.7178673148155212,1.460219383239746,8.372693567276,8.613208341598511,8.75231466293335,8.999136686325073,9.291825771331787,9.616178035736084,9.964134693145752,10.203567934036254,10.757420988082886,11.575340504646302,0.6170413494110107,2.384727420806886,2.531099319458008,0.013589859008789062,0.02765655517578125,0.0006198883056640625,2097152
89,7.774306297302246,14.449378967285156,9.333740234375,0.4927977919578552,9.290136337280273,0.7178383469581604,1.4583005905151367,8.370147705078125,8.61076979637146,8.750079154968262,8.99710726737976,9.290136337280273,9.614883661270142,9.96349973678589,10.203063869476319,10.757956447601318,11.578632361412133,0.6177763938903809,2.387808742523193,2.5739669799804688,0.013971328735351562,0.027894973754882812,0.0007152557373046875,2097152
90,7.7721076011657715,14.434172630310059,9.33218002319336,0.49337098002433777,9.28852653503418,0.7178468704223633,1.4566078186035156,8.367720680236816,8.60843105316162,8.74786376953125,8.995174169540405,9.28852653503418,9.613715410232544,9.962702560424805,10.202413368225098,10.758123188018798,11.578935397148161,0.6185412406921387,2.3904025077819817,2.6131629943847656,0.01430511474609375,0.027799606323242188,0.000762939453125,2097152
91,7.769923210144043,14.424164772033691,9.33062744140625,0.49394020438194275,9.286945343017578,0.7178543210029602,1.4549741744995117,8.365201950073242,8.60616397857666,8.745696067810059,8.993155241012573,9.286945819854736,9.61244010925293,9.961883354187012,10.201964282989502,10.758571376800537,11.577419748306276,0.6192848682403564,2.393369426727295,2.6549339294433594,0.014591217041015625,0.027942657470703125,0.000762939453125,2097152
92,7.767756938934326,14.417095184326172,9.329084396362305,0.49450501799583435,9.285283088684082,0.7178654670715332,1.4533500671386719,8.36283350944519,8.603747653961182,8.74350471496582,8.991227149963379,9.285283088684082,9.611183166503906,9.961064910888673,10.201543807983398,10.759518241882324,11.578960189819373,0.6199560165405273,2.3966847324371336,2.6947498321533203,0.014781951904296875,0.027894973754882812,0.0007152557373046875,2097152
93,7.765636920928955,14.410752296447754,9.327571868896484,0.49505850672721863,9.283685684204102,0.7178952097892761,1.4518871307373047,8.360130834579468,8.601441907882691,8.74125623703003,8.98929476737976,9.283685684204102,9.609876871109009,9.960461616516113,10.200861835479737,10.760073175430298,11.580394249916102,0.620582103729248,2.3999423408508296,2.7379512786865234,0.015163421630859375,0.0278472900390625,0.000762939453125,2097152
94,7.763557434082031,14.404821395874023,9.326085090637207,0.49560269713401794,9.282181739807129,0.7179350256919861,1.4505152702331543,8.357705211639404,8.599164533615113,8.739083290100098,8.987413167953491,9.282181739807129,9.608623504638672,9.95968065261841,10.200564813613891,10.759921951293945,11.582319438934327,0.6212103366851807,2.4022167396545413,2.7779579162597656,0.01583099365234375,0.02765655517578125,0.0008106231689453125,2097152
95,7.76144552230835,14.403525352478027,9.324570655822754,0.4961565136909485,9.280677795410156,0.7180010080337524,1.4492321014404297,8.35524718284607,8.596826553344727,8.73683853149414,8.985481023788452,9.280677795410156,9.607450723648071,9.958806896209717,10.200243139266968,10.760021657943726,11.581581090927143,0.6219696998596191,2.404774475097657,2.8196334838867188,0.016307830810546875,0.0278472900390625,0.0008106231689453125,2097152
96,7.759367942810059,14.422484397888184,9.323080062866211,0.49670296907424927,9.279106140136719,0.7180682420730591,1.4480347633361816,8.352783689498901,8.594518756866455,8.73474407196045,8.983601331710815,9.279106140136719,9.606194734573364,9.958274650573731,10.199762678146362,10.76039981842041,11.582439256668103,0.6225934028625488,2.407616128921509,2.8638839721679688,0.016927719116210938,0.027894973754882812,0.0008106231689453125,2097152
97,7.75735330581665,14.438000679016113,9.321630477905273,0.497234046459198,9.277547836303711,0.7181504368782043,1.446944236755371,8.350356178283691,8.592377328872681,8.73268814086914,8.981706380844116,9.277547836303711,9.605064392089844,9.957539367675782,10.199159812927245,10.75987138748169,11.582365472793617,0.6233580112457275,2.4095152091979983,2.9032230377197266,0.017547607421875,0.028085708618164062,0.0008106231689453125,2097152
98,7.755346775054932,14.449018478393555,9.320183753967285,0.49776411056518555,9.276073455810547,0.718247652053833,1.4459357261657715,8.34801833152771,8.590150833129883,8.73066234588623,8.979797124862671,9.276072978973389,9.60399842262268,9.956756496429444,10.198496675491333,10.760145616531371,11.582260881423968,0.6242012977600098,2.4121272850036615,2.9455184936523438,0.018167495727539062,0.02803802490234375,0.000858306884765625,2097152
99,7.75329065322876,14.449421882629395,9.318697929382324,0.49830710887908936,9.274541854858398,0.7183435559272766,1.444960594177246,8.345784549713136,8.587818241119384,8.728537654876709,8.978022336959839,9.274541854858398,9.602796077728271,9.955887699127198,10.197809648513793,10.76010950088501,11.585500887870815,0.6247737407684326,2.4143249511718743,2.985811233520508,0.018835067749023438,0.02803802490234375,0.000762939453125,2097152
